{"episode_reward": -4.237911338212256e-17, "_step": 1, "_runtime": 72, "_timestamp": 1608357787, "percent_completed": 0.9803986753311189}