{"episode_reward": 5.00986298660466e-17, "_step": 1, "_runtime": 71, "_timestamp": 1608358339, "percent_completed": 0.9559620287659158}