{"episode_reward": 2.111846309369335e-17, "_step": 3, "_runtime": 77, "_timestamp": 1608356831, "percent_completed": 0.9706848185938497}