{"episode_reward": -2.9735021172185372e-155, "_step": 103, "_runtime": 3599, "_timestamp": 1608424994, "percent_completed": 0.3301378285434591}