{"episode_reward": 4.209676345380863e-17, "_step": 1, "_runtime": 70, "_timestamp": 1608359641, "percent_completed": 0.9925692951175706}