{"episode_reward_2": 5979.681616056537, "_step": 81, "_runtime": 2865, "_timestamp": 1608428798, "percent_completed": 1.471542424427203}