{"episode_reward": 1.5642363885829602e-17, "_step": 3, "_runtime": 138, "_timestamp": 1608360369, "percent_completed": 0.9897215567225741}