{"episode_reward": -2.38294827936016e-17, "_step": 1, "_runtime": 71, "_timestamp": 1608359085, "percent_completed": 0.9981197047930513}