{"episode_reward": 5.271131270069514e-17, "_step": 1, "_runtime": 71, "_timestamp": 1608359382, "percent_completed": 0.9710265891687186}