{"episode_reward": -2.2480700040060327e-17, "_step": 15, "_runtime": 534, "_timestamp": 1608417425, "percent_completed": 0.7695596519260494}