{"episode_reward": -2.9311210744806736e-18, "_step": 1, "_runtime": 73, "_timestamp": 1608357594, "percent_completed": 0.9839469928596964}