{"episode_reward": -5.312554106793316e-17, "_step": 1, "_runtime": 71, "_timestamp": 1608354955, "percent_completed": 0.9711434928903127}