{"episode_reward": 7.394199335966234e-18, "_step": 1, "_runtime": 71, "_timestamp": 1608358120, "percent_completed": 0.989185788262596}