{"episode_reward": 6.118467476694162e-17, "_step": 1, "_runtime": 71, "_timestamp": 1608360008, "percent_completed": 0.9630461371620143}